t,rho,stored,prefetching,threshold
0.02,1.0,500,False,0.3
0.07,1.0,500,False,0.3
0.12,1.0,500,False,0.3
0.17,1.0,500,False,0.3
0.23,1.0,500,False,0.3
0.28,1.0,500,False,0.3
0.33,1.0,500,False,0.3
0.39,1.0,500,False,0.3
0.44,1.0,500,False,0.3
0.49,1.0,500,False,0.3
0.55,1.0,500,False,0.3
0.61,1.0,500,False,0.3
0.66,1.0,500,False,0.3
0.72,1.0,500,False,0.3
0.78,1.0,500,False,0.3
0.84,1.0,500,False,0.3
0.89,1.0,500,False,0.3
0.95,1.0,500,False,0.3
1.0,1.0,500,False,0.3
1.06,1.0,500,False,0.3
1.12,1.0,500,False,0.3
1.19,1.0,500,False,0.3
1.24,1.0,500,False,0.3
1.29,1.0,500,False,0.3
1.34,1.0,500,False,0.3
1.4,1.0,500,False,0.3
1.45,1.0,500,False,0.3
1.51,1.0,500,False,0.3
1.56,1.0,500,False,0.3
1.62,1.0,500,False,0.3
1.68,1.0,500,False,0.3
1.73,1.0,500,False,0.3
1.79,1.0,500,False,0.3
1.84,1.0,500,False,0.3
1.9,1.0,500,False,0.3
1.96,1.0,500,False,0.3
2.01,1.0,500,False,0.3
2.06,1.0,500,False,0.3
2.1,1.0,500,False,0.3
2.16,1.0,500,False,0.3
2.21,1.0,500,False,0.3
2.27,1.0,500,False,0.3
2.32,1.0,500,False,0.3
2.38,1.0,500,False,0.3
2.44,1.0,500,False,0.3
2.49,1.0,500,False,0.3
2.55,1.0,500,False,0.3
2.6,1.0,500,False,0.3
2.66,1.0,500,False,0.3
2.72,1.0,500,False,0.3
2.78,1.0,500,False,0.3
2.84,1.0,500,False,0.3
2.89,1.0,500,False,0.3
2.95,1.0,500,False,0.3
3.01,1.0,500,False,0.3
3.07,1.0,500,False,0.3
3.15,1.0,500,False,0.3
3.21,1.0,500,False,0.3
3.26,1.0,500,False,0.3
3.32,1.0,500,False,0.3
3.38,1.0,500,False,0.3
3.43,1.0,500,False,0.3
3.49,1.0,500,False,0.3
3.54,1.0,500,False,0.3
3.6,1.0,500,False,0.3
3.65,1.0,500,False,0.3
3.7,1.0,500,False,0.3
3.76,1.0,500,False,0.3
3.81,1.0,500,False,0.3
3.87,1.0,500,False,0.3
3.92,1.0,500,False,0.3
3.98,1.0,500,False,0.3
4.04,1.0,500,False,0.3
4.1,1.0,500,False,0.3
4.15,1.0,500,False,0.3
4.2,1.0,500,False,0.3
4.26,1.0,500,False,0.3
4.32,1.0,500,False,0.3
4.37,1.0,500,False,0.3
4.43,1.0,500,False,0.3
4.48,1.0,500,False,0.3
4.54,1.0,500,False,0.3
4.6,1.0,500,False,0.3
4.65,1.0,500,False,0.3
4.71,1.0,500,False,0.3
4.77,1.0,500,False,0.3
4.83,1.0,500,False,0.3
4.88,1.0,500,False,0.3
4.94,1.0,500,False,0.3
5.0,1.0,500,False,0.3
5.15,1.0,500,False,0.3
5.2,1.0,500,False,0.3
5.25,1.0,500,False,0.3
5.3,1.0,500,False,0.3
5.35,1.0,500,False,0.3
5.4,1.0,500,False,0.3
5.45,0.96,480,False,0.3
5.5,0.96,480,False,0.3
5.55,0.96,480,False,0.3
5.61,0.96,480,False,0.3
5.66,0.96,480,False,0.3
5.71,0.96,480,False,0.3
5.76,0.96,480,False,0.3
5.81,0.92,460,False,0.3
5.86,0.92,460,False,0.3
5.92,0.92,460,False,0.3
5.97,0.92,460,False,0.3
6.02,0.91,455,False,0.3
6.06,0.88,440,False,0.3
6.12,0.88,440,False,0.3
6.16,0.88,440,False,0.3
6.21,0.87,435,False,0.3
6.25,0.87,435,False,0.3
6.3,0.87,435,False,0.3
6.35,0.84,420,False,0.3
6.39,0.83,415,False,0.3
6.47,0.83,415,False,0.3
6.52,0.83,415,False,0.3
6.56,0.82,410,False,0.3
6.61,0.79,395,False,0.3
6.66,0.79,395,False,0.3
6.71,0.79,395,False,0.3
6.76,0.79,395,False,0.3
6.81,0.78,390,False,0.3
6.86,0.78,390,False,0.3
6.91,0.75,375,False,0.3
6.96,0.75,375,False,0.3
7.01,0.74,370,False,0.3
7.06,0.74,370,False,0.3
7.1,0.73,365,False,0.3
7.14,0.71,355,False,0.3
7.19,0.7,350,False,0.3
7.23,0.7,350,False,0.3
7.28,0.69,345,False,0.3
7.33,0.69,345,False,0.3
7.38,0.66,330,False,0.3
7.42,0.66,330,False,0.3
7.48,0.65,325,False,0.3
7.53,0.65,325,False,0.3
7.58,0.62,310,False,0.3
7.62,0.61,305,False,0.3
7.69,0.61,305,False,0.3
7.74,0.61,305,False,0.3
7.78,0.59,295,False,0.3
7.83,0.57,285,False,0.3
7.89,0.57,285,False,0.3
7.94,0.57,285,False,0.3
7.98,0.56,280,False,0.3
8.03,0.53,265,False,0.3
8.08,0.53,265,False,0.3
8.13,0.52,260,False,0.3
8.17,0.51,255,False,0.3
8.22,0.51,255,False,0.3
8.27,0.49,245,False,0.3
8.31,0.48,240,False,0.3
8.36,0.47,235,False,0.3
8.41,0.47,235,False,0.3
8.46,0.45,225,False,0.3
8.5,0.44,220,False,0.3
8.55,0.43,215,False,0.3
8.6,0.43,215,False,0.3
8.64,0.43,215,False,0.3
8.69,0.4,200,False,0.3
8.74,0.39,195,False,0.3
8.79,0.39,195,False,0.3
8.86,0.39,195,False,0.3
8.91,0.38,190,False,0.3
8.95,0.35,175,False,0.3
9.01,0.35,175,False,0.3
9.06,0.35,175,False,0.3
9.11,0.34,170,False,0.3
9.16,0.34,170,False,0.3
9.2,0.34,170,False,0.3
9.25,0.31,155,False,0.3
9.29,0.31,155,False,0.3
9.34,0.3,150,False,0.3
9.39,0.3,150,False,0.3
9.43,0.29,145,True,0.3
9.48,0.31,155,True,0.3
9.53,0.3,150,True,0.3
9.58,0.34,170,True,0.3
9.63,0.33,165,True,0.3
9.68,0.37,185,True,0.3
9.72,0.34,170,True,0.3
9.77,0.34,170,True,0.3
9.82,0.37,185,True,0.3
9.86,0.37,185,True,0.3
9.91,0.4,200,True,0.3
9.95,0.38,190,True,0.3
10.0,0.41,205,True,0.3
10.05,0.41,205,True,0.3
10.11,0.44,220,True,0.3
10.16,0.42,210,True,0.3
10.2,0.45,225,True,0.3
10.25,0.44,220,True,0.3
10.3,0.48,240,True,0.3
10.34,0.48,240,True,0.3
10.39,0.49,245,True,0.3
10.44,0.48,240,True,0.3
10.49,0.52,260,True,0.3
10.54,0.52,260,True,0.3
10.59,0.56,280,True,0.3
10.64,0.55,275,True,0.3
10.69,0.56,280,True,0.3
10.74,0.56,280,True,0.3
10.8,0.6,300,True,0.3
10.85,0.6,300,True,0.3
10.89,0.63,315,True,0.3
10.94,0.6,300,True,0.3
10.99,0.64,320,True,0.3
11.04,0.64,320,True,0.3
11.09,0.67,335,True,0.3
11.13,0.67,335,True,0.3
11.18,0.67,335,True,0.3
11.22,0.68,340,True,0.3
11.28,0.67,335,True,0.3
11.33,0.71,355,True,0.3
11.42,0.75,375,True,0.3
11.46,0.74,370,True,0.3
11.51,0.78,390,True,0.3
11.56,0.75,375,True,0.3
11.6,0.79,395,True,0.3
11.65,0.79,395,True,0.3
11.7,0.82,410,True,0.3
11.75,0.82,410,True,0.3
11.79,0.83,415,True,0.3
11.84,0.83,415,True,0.3
11.89,0.82,410,True,0.3
11.94,0.86,430,True,0.3
12.0,0.89,445,True,0.3
12.05,0.87,435,True,0.3
12.09,0.86,430,True,0.3
12.15,0.9,450,False,0.3
12.2,0.89,445,False,0.3
12.25,0.89,445,False,0.3
12.29,0.89,445,False,0.3
12.34,0.86,430,False,0.3
12.39,0.85,425,False,0.3
12.44,0.85,425,False,0.3
12.49,0.85,425,False,0.3
12.54,0.85,425,False,0.3
12.58,0.85,425,False,0.3
12.63,0.81,405,False,0.3
12.68,0.81,405,False,0.3
12.73,0.81,405,False,0.3
12.81,0.81,405,False,0.3
12.85,0.81,405,False,0.3
12.9,0.81,405,False,0.3
12.95,0.77,385,False,0.3
12.99,0.77,385,False,0.3
13.05,0.77,385,False,0.3
13.1,0.77,385,False,0.3
13.15,0.77,385,False,0.3
13.2,0.76,380,False,0.3
13.25,0.73,365,False,0.3
13.3,0.73,365,False,0.3
13.34,0.73,365,False,0.3
13.39,0.72,360,False,0.3
13.44,0.71,355,False,0.3
13.48,0.69,345,False,0.3
13.53,0.69,345,False,0.3
13.58,0.68,340,False,0.3
13.62,0.67,335,False,0.3
13.67,0.67,335,False,0.3
13.72,0.65,325,False,0.3
13.77,0.64,320,False,0.3
13.82,0.63,315,False,0.3
13.86,0.63,315,False,0.3
13.9,0.63,315,False,0.3
13.95,0.6,300,False,0.3
14.01,0.59,295,False,0.3
14.06,0.59,295,False,0.3
14.13,0.59,295,False,0.3
14.17,0.59,295,False,0.3
14.22,0.59,295,False,0.3
14.26,0.55,275,False,0.3
14.31,0.55,275,False,0.3
14.36,0.55,275,False,0.3
14.41,0.55,275,False,0.3
14.46,0.55,275,False,0.3
14.5,0.54,270,False,0.3
14.55,0.51,255,False,0.3
14.6,0.51,255,False,0.3
14.65,0.51,255,False,0.3
14.69,0.5,250,False,0.3
14.74,0.5,250,False,0.3
14.79,0.47,235,False,0.3
14.83,0.47,235,False,0.3
14.89,0.46,230,False,0.3
14.93,0.45,225,False,0.3
14.98,0.45,225,False,0.3
15.02,0.43,215,False,0.3
15.07,0.42,210,False,0.3
15.11,0.41,205,False,0.3
15.17,0.41,205,False,0.3
15.21,0.41,205,False,0.3
15.26,0.4,200,False,0.3
15.31,0.37,185,False,0.3
15.36,0.37,185,False,0.3
15.43,0.37,185,False,0.3
15.47,0.36,180,False,0.3
15.52,0.33,165,False,0.3
15.57,0.33,165,False,0.3
15.62,0.33,165,False,0.3
15.67,0.32,160,False,0.3
15.71,0.32,160,False,0.3
15.76,0.32,160,False,0.3
15.81,0.29,145,True,0.3
15.86,0.32,160,True,0.3
15.92,0.32,160,True,0.3
15.97,0.36,180,True,0.3
16.02,0.35,175,True,0.3
16.07,0.36,180,True,0.3
16.11,0.36,180,True,0.3
16.16,0.4,200,True,0.3
16.21,0.39,195,True,0.3
16.26,0.42,210,True,0.3
16.3,0.4,200,True,0.3
16.35,0.44,220,True,0.3
16.4,0.43,215,True,0.3
16.45,0.46,230,True,0.3
16.49,0.45,225,True,0.3
16.54,0.44,220,True,0.3
16.58,0.47,235,True,0.3
16.63,0.46,230,True,0.3
16.69,0.5,250,True,0.3
16.74,0.52,260,True,0.3
16.79,0.5,250,True,0.3
16.84,0.54,270,True,0.3
16.9,0.54,270,True,0.3
16.94,0.54,270,True,0.3
16.99,0.58,290,True,0.3
17.04,0.54,270,True,0.3
17.08,0.58,290,True,0.3
17.14,0.58,290,True,0.3
17.19,0.62,310,True,0.3
17.24,0.61,305,True,0.3
17.29,0.62,310,True,0.3
17.34,0.62,310,True,0.3
17.38,0.65,325,True,0.3
17.43,0.65,325,True,0.3
17.48,0.68,340,True,0.3
17.53,0.66,330,True,0.3
17.57,0.69,345,True,0.3
17.62,0.69,345,True,0.3
17.67,0.72,360,True,0.3
17.71,0.7,350,True,0.3
17.76,0.73,365,True,0.3
17.81,0.73,365,True,0.3
17.86,0.76,380,True,0.3
17.92,0.76,380,True,0.3
17.97,0.77,385,True,0.3
18.02,0.76,380,True,0.3
18.07,0.8,400,True,0.3
18.12,0.8,400,True,0.3
18.17,0.84,420,True,0.3
18.22,0.81,405,True,0.3
18.26,0.84,420,True,0.3
18.32,0.84,420,True,0.3
18.37,0.88,440,True,0.3
18.42,0.88,440,True,0.3
18.47,0.9,450,False,0.3
18.52,0.87,435,False,0.3
18.57,0.87,435,False,0.3
18.62,0.87,435,False,0.3
18.67,0.86,430,False,0.3
18.71,0.85,425,False,0.3
18.76,0.83,415,False,0.3
18.81,0.83,415,False,0.3
18.86,0.82,410,False,0.3
18.91,0.81,405,False,0.3
18.95,0.81,405,False,0.3
19.0,0.79,395,False,0.3
19.05,0.78,390,False,0.3
19.1,0.77,385,False,0.3
19.14,0.77,385,False,0.3
19.21,0.77,385,False,0.3
19.26,0.75,375,False,0.3
19.31,0.73,365,False,0.3
19.35,0.73,365,False,0.3
19.4,0.73,365,False,0.3
19.46,0.73,365,False,0.3
19.5,0.73,365,False,0.3
19.55,0.72,360,False,0.3
19.59,0.69,345,False,0.3
19.64,0.69,345,False,0.3
19.7,0.69,345,False,0.3
19.75,0.69,345,False,0.3
19.8,0.68,340,False,0.3
19.84,0.65,325,False,0.3
19.9,0.65,325,False,0.3
19.94,0.64,320,False,0.3
19.99,0.64,320,False,0.3
20.04,0.63,315,False,0.3
20.08,0.61,305,False,0.3
20.13,0.6,300,False,0.3
20.17,0.6,300,False,0.3
20.22,0.59,295,False,0.3
20.27,0.59,295,False,0.3
20.32,0.56,280,False,0.3
20.36,0.56,280,False,0.3
20.41,0.55,275,False,0.3
20.46,0.55,275,False,0.3
20.53,0.55,275,False,0.3
20.58,0.55,275,False,0.3
20.62,0.51,255,False,0.3
20.67,0.51,255,False,0.3
20.72,0.51,255,False,0.3
20.78,0.51,255,False,0.3
20.82,0.51,255,False,0.3
20.87,0.51,255,False,0.3
20.92,0.47,235,False,0.3
20.97,0.47,235,False,0.3
21.03,0.47,235,False,0.3
21.09,0.47,235,False,0.3
21.13,0.47,235,False,0.3
21.18,0.47,235,False,0.3
21.23,0.43,215,False,0.3
21.28,0.43,215,False,0.3
21.34,0.43,215,False,0.3
21.39,0.43,215,False,0.3
21.44,0.43,215,False,0.3
21.49,0.42,210,False,0.3
21.53,0.39,195,False,0.3
21.59,0.39,195,False,0.3
21.64,0.39,195,False,0.3
21.69,0.39,195,False,0.3
21.73,0.38,190,False,0.3
21.78,0.35,175,False,0.3
21.83,0.35,175,False,0.3
21.87,0.35,175,False,0.3
21.95,0.34,170,False,0.3
21.99,0.34,170,False,0.3
22.04,0.31,155,False,0.3
22.09,0.3,150,False,0.3
22.13,0.3,150,False,0.3
22.18,0.3,150,False,0.3
22.23,0.3,150,False,0.3
22.28,0.29,145,True,0.3
22.32,0.3,150,True,0.3
22.38,0.3,150,True,0.3
22.43,0.34,170,True,0.3
22.48,0.33,165,True,0.3
22.52,0.36,180,True,0.3
22.57,0.34,170,True,0.3
22.62,0.38,190,True,0.3
22.66,0.37,185,True,0.3
22.71,0.4,200,True,0.3
22.76,0.38,190,True,0.3
22.81,0.42,210,True,0.3
22.85,0.41,205,True,0.3
22.9,0.4,200,True,0.3
22.95,0.43,215,True,0.3
23.0,0.42,210,True,0.3
23.04,0.44,220,True,0.3
23.09,0.44,220,True,0.3
23.14,0.48,240,True,0.3
23.2,0.45,225,True,0.3
23.25,0.48,240,True,0.3
23.31,0.48,240,True,0.3
23.35,0.52,260,True,0.3
23.4,0.52,260,True,0.3
23.45,0.52,260,True,0.3
23.5,0.52,260,True,0.3
23.55,0.56,280,True,0.3
23.6,0.56,280,True,0.3
23.65,0.6,300,True,0.3
23.7,0.6,300,True,0.3
23.74,0.62,310,True,0.3
23.79,0.6,300,True,0.3
23.84,0.64,320,True,0.3
23.9,0.64,320,True,0.3
23.95,0.68,340,True,0.3
24.0,0.68,340,True,0.3
24.05,0.72,360,True,0.3
24.1,0.68,340,True,0.3
24.15,0.72,360,True,0.3
24.2,0.72,360,True,0.3
24.25,0.76,380,True,0.3
24.3,0.76,380,True,0.3
24.35,0.77,385,True,0.3
24.4,0.76,380,True,0.3
24.45,0.8,400,True,0.3
24.51,0.8,400,True,0.3
24.57,0.83,415,True,0.3
24.62,0.8,400,True,0.3
24.72,0.84,420,True,0.3
24.79,0.88,440,True,0.3
24.86,0.9,450,False,0.3
24.9,0.89,445,False,0.3
24.97,0.88,440,False,0.3
25.04,0.86,430,False,0.3
25.13,0.86,430,False,0.3
25.18,0.86,430,False,0.3
25.23,0.85,425,False,0.3
25.3,0.85,425,False,0.3
25.38,0.85,425,False,0.3
25.43,0.84,420,False,0.3
25.48,0.84,420,False,0.3
25.54,0.81,405,False,0.3
25.59,0.81,405,False,0.3
25.64,0.8,400,False,0.3
25.69,0.8,400,False,0.3
25.74,0.79,395,False,0.3
25.79,0.77,385,False,0.3
25.84,0.77,385,False,0.3
25.89,0.76,380,False,0.3
25.95,0.75,375,False,0.3
26.0,0.75,375,False,0.3
26.04,0.73,365,False,0.3
26.09,0.72,360,False,0.3
26.14,0.71,355,False,0.3
26.22,0.71,355,False,0.3
26.26,0.71,355,False,0.3
26.32,0.68,340,False,0.3
26.37,0.67,335,False,0.3
26.43,0.67,335,False,0.3
26.48,0.67,335,False,0.3
26.53,0.67,335,False,0.3
26.58,0.63,315,False,0.3
26.63,0.63,315,False,0.3
26.68,0.63,315,False,0.3
26.74,0.63,315,False,0.3
26.78,0.63,315,False,0.3
26.83,0.63,315,False,0.3
26.88,0.63,315,False,0.3
26.93,0.59,295,False,0.3
26.99,0.59,295,False,0.3
27.04,0.59,295,False,0.3
27.09,0.59,295,False,0.3
27.15,0.59,295,False,0.3
27.2,0.57,285,False,0.3
27.25,0.55,275,False,0.3
27.31,0.55,275,False,0.3
27.37,0.55,275,False,0.3
27.42,0.55,275,False,0.3
27.47,0.55,275,False,0.3
27.52,0.55,275,False,0.3
27.57,0.51,255,False,0.3
27.62,0.51,255,False,0.3
27.68,0.51,255,False,0.3
27.76,0.51,255,False,0.3
27.82,0.5,250,False,0.3
27.87,0.47,235,False,0.3
27.92,0.47,235,False,0.3
27.98,0.47,235,False,0.3
28.03,0.47,235,False,0.3
28.08,0.45,225,False,0.3
28.13,0.43,215,False,0.3
28.18,0.43,215,False,0.3
28.23,0.42,210,False,0.3
28.28,0.41,205,False,0.3
28.33,0.41,205,False,0.3
28.38,0.39,195,False,0.3
28.43,0.38,190,False,0.3
28.48,0.37,185,False,0.3
28.54,0.37,185,False,0.3
28.59,0.37,185,False,0.3
28.64,0.35,175,False,0.3
28.68,0.33,165,False,0.3
28.74,0.33,165,False,0.3
28.79,0.33,165,False,0.3
28.84,0.33,165,False,0.3
28.9,0.33,165,False,0.3
28.95,0.29,145,True,0.3
29.01,0.33,165,True,0.3
29.09,0.33,165,True,0.3
29.13,0.36,180,True,0.3
29.18,0.36,180,True,0.3
29.22,0.37,185,True,0.3
29.27,0.37,185,True,0.3
29.33,0.4,200,True,0.3
29.38,0.4,200,True,0.3
29.44,0.44,220,True,0.3
29.49,0.44,220,True,0.3
29.53,0.48,240,True,0.3
29.59,0.45,225,True,0.3
29.64,0.48,240,True,0.3
29.69,0.52,260,True,0.3
29.76,0.52,260,True,0.3
29.81,0.56,280,True,0.3
29.86,0.56,280,True,0.3
29.9,0.56,280,True,0.3
29.95,0.56,280,True,0.3
30.0,0.6,300,True,0.3
30.05,0.6,300,True,0.3
30.11,0.64,320,True,0.3
30.15,0.63,315,True,0.3
30.21,0.64,320,True,0.3
30.26,0.64,320,True,0.3
30.31,0.68,340,True,0.3
30.38,0.67,335,True,0.3
30.42,0.7,350,True,0.3
30.5,0.68,340,True,0.3
30.55,0.71,355,True,0.3
30.6,0.75,375,True,0.3
30.65,0.74,370,True,0.3
30.7,0.74,370,True,0.3
30.74,0.76,380,True,0.3
30.79,0.75,375,True,0.3
30.84,0.78,390,True,0.3
30.89,0.78,390,True,0.3
30.94,0.82,410,True,0.3
30.99,0.82,410,True,0.3
31.29,0.9,450,False,0.3
31.36,0.9,450,False,0.3
31.42,0.9,450,False,0.3
31.48,0.9,450,False,0.3
31.54,0.9,450,False,0.3
31.6,0.9,450,False,0.3
31.67,0.9,450,False,0.3
31.74,0.9,450,False,0.3
31.8,0.9,450,False,0.3
31.93,0.9,450,False,0.3
32.23,0.9,450,False,0.3
32.61,0.9,450,False,0.3
32.7,0.9,450,False,0.3
32.77,0.9,450,False,0.3
32.83,0.9,450,False,0.3
32.89,0.9,450,False,0.3
32.94,0.9,450,False,0.3
32.99,0.9,450,False,0.3
33.04,0.9,450,False,0.3
33.09,0.9,450,False,0.3
33.14,0.9,450,False,0.3
33.19,0.9,450,False,0.3
33.25,0.9,450,False,0.3
33.3,0.9,450,False,0.3
33.38,0.9,450,False,0.3
33.44,0.9,450,False,0.3
33.5,0.9,450,False,0.3
33.55,0.9,450,False,0.3
33.61,0.9,450,False,0.3
33.66,0.9,450,False,0.3
33.73,0.9,450,False,0.3
33.79,0.9,450,False,0.3
33.88,0.9,450,False,0.3
33.94,0.9,450,False,0.3
33.99,0.9,450,False,0.3
34.05,0.9,450,False,0.3
34.11,0.9,450,False,0.3
34.17,0.9,450,False,0.3
34.22,0.9,450,False,0.3
34.28,0.9,450,False,0.3
34.33,0.9,450,False,0.3
34.37,0.9,450,False,0.3
34.42,0.9,450,False,0.3
34.47,0.9,450,False,0.3
34.53,0.9,450,False,0.3
34.58,0.9,450,False,0.3
34.65,0.9,450,False,0.3
34.7,0.9,450,False,0.3
34.76,0.9,450,False,0.3
34.81,0.9,450,False,0.3
34.86,0.9,450,False,0.3
34.92,0.9,450,False,0.3
34.98,0.9,450,False,0.3
35.03,0.9,450,False,0.3
35.08,0.9,450,False,0.3
35.14,0.9,450,False,0.3
35.2,0.9,450,False,0.3
35.25,0.9,450,False,0.3
35.31,0.9,450,False,0.3
35.37,0.9,450,False,0.3
35.42,0.9,450,False,0.3
35.47,0.9,450,False,0.3
35.53,0.9,450,False,0.3
35.63,0.9,450,False,0.3
35.68,0.9,450,False,0.3
35.73,0.9,450,False,0.3
35.79,0.9,450,False,0.3
35.85,0.9,450,False,0.3
35.9,0.9,450,False,0.3
35.96,0.9,450,False,0.3
36.01,0.9,450,False,0.3
36.07,0.9,450,False,0.3
36.12,0.9,450,False,0.3
36.17,0.9,450,False,0.3
36.21,0.9,450,False,0.3
36.26,0.9,450,False,0.3
36.31,0.9,450,False,0.3
36.36,0.9,450,False,0.3
36.41,0.9,450,False,0.3
36.46,0.9,450,False,0.3
36.51,0.9,450,False,0.3
36.57,0.9,450,False,0.3
36.62,0.9,450,False,0.3
36.67,0.9,450,False,0.3
36.73,0.9,450,False,0.3
36.78,0.9,450,False,0.3
36.84,0.9,450,False,0.3
36.89,0.9,450,False,0.3
36.94,0.9,450,False,0.3
37.0,0.9,450,False,0.3
37.05,0.9,450,False,0.3
37.11,0.9,450,False,0.3
37.16,0.9,450,False,0.3
37.22,0.9,450,False,0.3
37.29,0.9,450,False,0.3
37.34,0.9,450,False,0.3
37.4,0.9,450,False,0.3
37.45,0.9,450,False,0.3
37.51,0.9,450,False,0.3
37.57,0.9,450,False,0.3
37.62,0.9,450,False,0.3
37.68,0.9,450,False,0.3
37.76,0.9,450,False,0.3
37.81,0.9,450,False,0.3
37.87,0.9,450,False,0.3
37.93,0.9,450,False,0.3
37.98,0.9,450,False,0.3
38.04,0.9,450,False,0.3
38.1,0.9,450,False,0.3
38.15,0.9,450,False,0.3
38.21,0.9,450,False,0.3
38.27,0.9,450,False,0.3
38.33,0.9,450,False,0.3
38.39,0.9,450,False,0.3
38.44,0.9,450,False,0.3
38.5,0.9,450,False,0.3
38.56,0.9,450,False,0.3
38.61,0.9,450,False,0.3
38.66,0.9,450,False,0.3
38.72,0.9,450,False,0.3
38.78,0.9,450,False,0.3
38.84,0.9,450,False,0.3
38.9,0.9,450,False,0.3
38.95,0.9,450,False,0.3
39.01,0.9,450,False,0.3
39.07,0.9,450,False,0.3
39.12,0.9,450,False,0.3
39.18,0.9,450,False,0.3
39.23,0.9,450,False,0.3
39.29,0.9,450,False,0.3
39.35,0.9,450,False,0.3
39.41,0.9,450,False,0.3
39.46,0.9,450,False,0.3
39.51,0.9,450,False,0.3
39.57,0.9,450,False,0.3
39.63,0.9,450,False,0.3
39.68,0.9,450,False,0.3
39.73,0.9,450,False,0.3
39.78,0.9,450,False,0.3
39.83,0.9,450,False,0.3
39.88,0.9,450,False,0.3
39.97,0.9,450,False,0.3
